{"code":28,"extras":{"M":3000.0,"capacity_score":100.0,"final_score":99.84892438068806,"last_timeout_percent":0.0,"max_qps":21991.66212188534,"p99_latency_ms":0.378405,"response_time_score":99.24462190344026,"result_score":100.0,"score":99.84892438068806,"service_score":100.0},"score":0.0}